{"type": "block", "layer": 0, "block": 12, "features": [{"geom": {"polygons": [[[[-1147.8468612728175, 540.969097437337], [-1148.206361274235, 541.2519974363968], [-1146.061261272116, 543.9760974366218], [-1145.7019612740842, 543.6929974360391], [-1145.3249612721265, 544.1719974363223], [-1142.6901612729998, 542.0980974351987], [-1140.3337612728938, 545.0907974373549], [-1137.6990612735972, 543.0170974349603], [-1141.1870612733182, 538.5866974359378], [-1143.1045612735907, 540.0959974359721], [-1146.4970612723846, 535.784997436218], [-1149.850061272853, 538.4245974374935], [-1147.8468612728175, 540.969097437337]]]], "centroids": [[-1144.0986385465949, 540.7232731310651, 77.1855239868164]], "h": 5.0}, "mtl": {"face": 0}}, {"geom": {"polygons": [[[[-1165.621861273481, -435.91100256331265], [-1165.144161273376, -436.8060025628656], [-1164.2410612722742, -436.32400256581604], [-1159.7461612736806, -444.7505025649443], [-1160.6958612736198, -445.25840256456286], [-1158.8419612739235, -448.74960256554186], [-1158.582161272585, -448.5918025635183], [-1155.8194612722145, -453.76800256595016], [-1156.7603612737148, -454.270802564919], [-1156.281261272903, -455.168502564542], [-1158.5775612724246, -456.3941025659442], [-1158.0131612729747, -457.4515025643632], [-1165.477261272492, -461.4353025620803], [-1157.5717612725566, -476.2470025634393], [-1158.1542612731573, -476.5583025626838], [-1156.909061274433, -478.8881025640294], [-1168.4994612734881, -485.16900256369263], [-1180.4345612722682, -462.97300256509334], [-1183.6019612722448, -464.6710025649518], [-1186.0776612722548, -460.0325025655329], [-1184.2001612740569, -458.9715025629848], [-1185.360461273638, -456.8418025635183], [-1182.7467612730106, -455.4468025639653], [-1185.432861273759, -450.41420256346464], [-1182.9574612727156, -449.09130256436765], [-1184.0013612735784, -447.1355025647208], [-1172.8880612730864, -441.20400256384164], [-1173.6064612744376, -439.8599025635049], [-1170.963061273389, -438.447102564387], [-1171.564861272811, -437.3211025632918], [-1168.7047612734605, -435.77310256287456], [-1167.9640612741932, -437.1611025640741], [-1165.621861273481, -435.91100256331265]]]], "centroids": [[-1169.9797845673747, -458.8909513959661, 81.0181655883789]], "h": 100.0}, "mtl": {"face": 0}}, {"geom": {"polygons": [[[[-1405.8374612724874, 9.586597436107695], [-1405.0450612743734, 8.101997436955571], [-1403.2517612738884, 9.059197436086833], [-1400.4642612730968, 3.836497437208891], [-1400.2094612738583, 3.972397436387837], [-1399.525861273869, 2.6914974339306355], [-1402.3776612728252, 1.1692974362522364], [-1402.9338612725842, 2.2112974356859922], [-1406.7598612728762, 0.1691974364221096], [-1408.2558612728026, 2.9721974348649383], [-1409.1969612742541, 2.4697974361479282], [-1411.0551612732816, 5.951297434978187], [-1410.1139612726402, 6.453597437590361], [-1410.4672612733557, 7.115497436374426], [-1405.8374612724874, 9.586597436107695]]], [[[-1437.8930612723343, -24.909402566961944], [-1433.1088612725725, -22.35590256471187], [-1431.7858612741693, -24.834602563641965], [-1436.5700612721848, -27.388102564029396], [-1437.8930612723343, -24.909402566961944]]], [[[-1413.0656612723833, 49.508397433906794], [-1411.2290612735087, 46.06739743426442], [-1413.6010612739483, 44.84239743556827], [-1414.6218612738303, 46.75499743409455], [-1414.2522612743778, 46.95219743531197], [-1415.0512612739694, 48.44859743490815], [-1413.0656612723833, 49.508397433906794]]]], "centroids": [[-1405.474693335942, 4.896098092198372, 86.7037582397461], [-1434.8394612726988, -24.872002564370632, 86.7037582397461], [-1413.2161882798537, 47.13648715149611, 86.7037582397461]], "h": 5.0}, "mtl": {"face": 0}}, {"geom": {"polygons": [[[[-1338.2996612724382, -177.89880256541073], [-1353.0889612725587, -185.7923025637865], [-1354.688361273962, -182.79560256563127], [-1367.8223612732254, -189.8055025646463], [-1367.7085612729425, -190.01870256382972], [-1369.497161272855, -190.97610256448388], [-1387.0506612735917, -158.0880025634542], [-1385.2607612733846, -157.13270256482065], [-1385.1448612729437, -157.34990256465971], [-1381.1057612721925, -155.1942025627941], [-1381.062861273589, -155.17120256461203], [-1381.3210612725234, -154.68740256410092], [-1381.1026612738497, -154.56620256509632], [-1384.7989612736856, -147.64080256409943], [-1382.0583612741902, -146.18090256210417], [-1382.8362612738856, -144.72350256424397], [-1382.7269612721866, -144.66520256269723], [-1385.3596612736583, -139.73270256258547], [-1373.3937612731243, -133.34610256552696], [-1368.7222612728947, -142.0987025629729], [-1368.556961272494, -142.0105025647208], [-1367.4638612735434, -144.0586025668308], [-1358.8227612733608, -139.44660256337374], [-1338.2996612724382, -177.89880256541073]]]], "centroids": [[-1364.764770052163, -163.18756398465484, 81.26842498779297]], "h": 20.0}, "mtl": {"face": 0}}], "featureCount": 4, "startIndex": 600}